model,fusion_type,threshold,patient_auc,patient_auprc,patient_f1,patient_sensitivity,patient_specificity,cv_auroc_mean,cv_auroc_std
Model3_MultiModalFusion,attention,0.99375486,0.8299360511590728,0.5462000744153304,0.3930635838150289,0.9444444444444444,0.2589928057553957,0.8735343718102339,0.044769184710368407
