fold,auroc,auprc
1,0.8852040816326531,0.7686107818460294
2,0.8164026095060578,0.730279434322664
3,0.8863000931966449,0.8273465980459688
4,0.7772600186393289,0.6517449468709834
5,0.8632561132561134,0.8214545437145174
