fold,auroc,auprc
1,0.804287045666356,0.7083897869447905
2,0.8861003861003861,0.8108793133665296
3,0.9169884169884169,0.8651531895195351
4,0.8568211068211068,0.7375361565600768
5,0.9034749034749034,0.8209152168179825
