model,fusion_type,threshold,patient_auc,patient_auprc,patient_f1,patient_sensitivity,patient_specificity,cv_auroc_mean,cv_auroc_std
Model3_MultiModalFusion,attention,0.8264422,0.9062749800159873,0.7968531423160764,0.6097560975609756,0.6944444444444444,0.8489208633093526,0.8456845832461596,0.04759076616293096
