auc,auprc,f1,sensitivity,specificity,threshold,model
0.7398081534772183,0.5549592233896552,0.5423728813559322,0.4444444444444444,0.9496402877697842,0.8943483233451843,Model1_1DCNN
