auc,auprc,f1,sensitivity,specificity,threshold,model
0.7464028776978417,0.5177468608111615,0.4675324675324675,0.5,0.8345323741007195,0.9508092999458313,Model1_1DCNN
