fold,auroc,auprc,n_patients,n_positive
1,0.6747448979591837,0.5182999199188176,140,28
2,0.8263435849642746,0.7420700229030008,140,29
3,0.715439577508543,0.5223198929160211,140,29
4,0.869524697110904,0.7659560559882355,140,29
5,0.8021235521235521,0.5758426709439853,139,28
